Title,Published_At,Video_ID
"PUBG GLOBAL CHAMPIONSHIP WINNER GEN.G - FINAL GAME - Pio, Loki, Esth3r &amp; Taemin",2019-11-30T20:27:00Z,N7DlCZlPpbU
The feelüíîüò• #pubgmobile #pmgc2024 #pubg #rcb #heartbreak #rcbfans,2024-12-10T01:23:50Z,dfgtP8qBx8s
SOME INTERNATIONAL PRO PLAYERS TO DEFEAT JONATHAN‚ö° #shorts,2024-07-12T05:21:32Z,Y8qAKEBlxts
2025 GC League | Gauntlet Day 1 | WATCHPARTY WITH SNAX,2025-11-24T16:23:43Z,qI5NHLbKWdM
2025 GC League | Gauntlet Day 3 | WATCHPARTY WITH SNAX,2025-11-26T15:49:35Z,1KequSff-MQ
[EN] 2025 PMGC League | The Gauntlet Day 1 | PUBG MOBILE Global Championship,2025-11-24T16:31:40Z,tcgej5EN6GM
Players Getting Ready For PMGC,2024-11-01T06:30:15Z,qdt9A8_IKZU
2025 GC Grand Finals | Day 1| WATCHPARTY WITH SNAX,2025-12-12T15:45:57Z,9mTHkJMYP-Q
[EN] 2025 PMGC League | The Gauntlet Day 2 | PUBG MOBILE Global Championship,2025-11-25T16:24:49Z,huk7RCJ6MUY
"&quot;Battle for Glory,&quot; Official Theme Song of the PUBG MOBILE Global Championship 2020 Finals",2021-01-21T03:00:09Z,TLIMAdx2gcs
[EN] 2025 PMGC League | Group Green Day 3 | PUBG MOBILE Global Championship,2025-11-30T16:16:32Z,gxneRPknsb8
Too much AURA ü•∂ü•∂,2025-07-25T15:15:09Z,SQP3pWZuZ5I
[ID] 2025 PMGC Grand Finals | Day 2 | PUBG MOBILE Global Championship,2025-12-13T16:53:34Z,xbBeeAVwZoc
Welcome Back to PMWC Lobby üíÄüî• #PMWC #PMWC2025 #PubgMobile,2025-07-25T20:40:30Z,pGCDkn39YXk
[EN] 2025 PMGC League | Group Green Day 1 | PUBG MOBILE Global Championship,2025-11-28T15:54:04Z,NhYs1HE_gJU
[EN] 2025 PMGC League | Group Red Day 1 | PUBG MOBILE Global Championship,2025-12-02T16:13:47Z,aQ31Ozpwhfs
[EN] 2024 PMGC Grand Finals | Day 3 | PUBG MOBILE Global Championship,2024-12-08T17:28:29Z,z7iqgU5QOHI
[ID] 2025 PMGC Grand Finals | Day 3 | PUBG MOBILE Global Championship,2025-12-14T15:20:46Z,xjTXOAFqwIo
Jonathan auraüî• ‚Äã‚Å†@JONATHANGAMINGYT ‚Äã ‚Äã‚Å†#bgmi #esl #shorts #pubgmobile #shortsbreak #jonathanlive,2025-01-31T19:45:00Z,MGNQ47vo3Ls
Suk is the best IGL in Pubg Mobile history | #pubgmobile #bgis #pubg #bgmi #pubgm #gaming #pmgc,2024-07-17T15:10:40Z,xcqJ7q1KblQ
Chicko: Meet me at the PUBG MOBILE Bangkok Pop-up :),2025-12-07T07:20:35Z,07JT7FtThYA
[EN] 2025 PMGC Grand Finals | Day 3 | PUBG MOBILE Global Championship,2025-12-14T15:26:18Z,sZ7ZOTtMI1E
[EN] 2025 PMGC League | The Gauntlet Day 3 | PUBG MOBILE Global Championship,2025-11-26T16:16:47Z,9EVl9HT1FUg
[ID] 2025 PMGC Grand Finals | Day 1 | PUBG MOBILE Global Championship,2025-12-12T16:04:13Z,HMYLWt65dA8
Welcome to PMWC Lobby ft. AE RosemaryüíÄüî• #pmwc #pmwc2025 #pubgmobile #snaxgaming,2025-08-03T10:32:41Z,d9lF6rCfor8
